0,1,2,3,4,5,6,7,8,9,10,11,12,13,14,15,16,17,18,19,20,21,22,23,24,25,26,27,28,29,30,31
-40.738956,-45.86397,-41.349472,-55.39439,-33.656097,-42.9175,-36.99589,-45.520287,-33.98569,-45.79129,-32.475185,-71.75516,-33.77796,-40.89122,-43.404934,-47.94291,-41.28707,-62.898712,-37.705082,-45.5744,-42.7612,-46.677025,-36.893192,-63.247616,-35.447334,-44.718452,-33.30049,-42.940594,-39.477615,-45.44458,-34.919544,-44.635433
69.404,-9.88699,74.72794,-5.1541705,54.384686,-9.040956,61.268097,-10.491625,57.02408,-9.477123,57.747944,-4.18073,52.134438,-9.722739,70.84118,-0.6738258,81.5515,-15.444954,64.24949,-9.375399,68.75702,-9.474001,62.32817,-15.050886,58.512344,-10.116931,53.307404,-9.513545,70.27582,-7.0890493,57.237034,-9.717688
-46.41078,-6.0870657,-53.390087,-10.1555,-38.793247,-4.2276735,-45.85543,6.033321,-42.929882,-2.7249777,-60.426582,-18.916899,-38.12683,2.0504582,-48.60285,-5.9342585,-58.79109,-13.606349,-45.16123,7.433448,-46.313583,-4.65543,-59.51026,-16.802011,-45.08986,3.136148,-38.84069,-4.2827044,-47.01915,11.703062,-45.02129,3.155435
-33.730503,11.763302,-15.817852,5.773389,-26.767727,5.592298,-22.139688,9.841224,-29.648516,6.1858144,-36.687218,-1.6246758,-13.870874,5.5278425,-14.23549,8.588866,-23.375673,4.872595,-29.716278,15.337054,-31.327549,9.124875,-27.675344,-0.10836273,-23.008997,9.627119,-24.660154,4.907638,-32.110077,11.093639,-22.599472,9.788745
7.901773,-5.248446,0.9974908,12.716658,1.8560376,-0.89607793,5.3916535,-5.8919864,3.2424738,-3.4961138,-0.60644,-2.9951,5.6721587,-2.4496353,7.967953,-4.090805,-4.619349,9.520382,6.1188116,-6.6806035,7.694175,-4.573507,-3.394083,26.042282,4.1228724,-3.9883554,4.9064846,-0.6123842,6.8038626,-5.586209,3.8184383,-3.902843
-18.964243,-80.49044,-5.9597173,-91.97607,-11.668048,-69.72976,-13.07332,-75.950485,-10.554627,-73.22308,31.435331,-79.69575,-12.459678,-63.142136,-17.573933,-83.0961,13.692638,-90.959694,-17.58006,-78.293365,-19.590715,-82.02344,19.909407,-86.59899,-11.865221,-73.70358,-10.806521,-69.01412,-25.487614,-82.922615,-11.611326,-73.58608
0.9862591,-12.536203,0.536537,-2.425906,-1.1916746,-8.550679,-1.8811905,-12.454051,-2.6944957,-8.915836,-16.023859,-4.251698,-0.08821386,-0.23708895,0.98834914,-10.781989,-8.969649,-2.6673777,-1.1134906,-12.548656,2.024751,-11.487838,4.307747,12.249055,-1.7230042,-9.8974905,0.113264,-6.6753497,-0.5063192,-12.31779,-2.1270287,-10.347512
13.657657,-69.9358,23.34643,-71.97295,9.456411,-54.16129,10.00382,-60.443417,10.762143,-56.39413,3.562742,30.442589,7.7800984,-50.655968,16.763731,-72.76161,1.0560933,-25.111433,10.137929,-63.49139,14.612127,-70.37364,-2.579944,-4.354446,10.254657,-58.30566,9.056953,-52.41056,13.088718,-68.854256,10.23026,-57.995083
-12.562514,18.323631,-18.679316,29.608418,-22.105328,19.345425,-14.876523,19.342909,-24.051281,20.164448,-26.395168,28.632881,-11.253537,15.132101,-4.9929814,19.51223,-25.269686,30.23971,-9.827395,22.673008,-11.118208,18.324816,-27.954737,26.748852,-20.795658,21.960726,-20.934095,18.675264,-15.551045,17.053299,-20.81568,21.20466
-10.033367,-22.926796,-17.763964,-24.733452,-13.409669,-16.613276,-14.113793,-16.64382,-15.042876,-17.473915,-15.640701,-26.215097,-17.140667,-17.533594,-17.222946,-24.32169,-17.861591,-27.009205,-12.737385,-17.723616,-15.604283,-23.782167,-16.596247,-27.252186,-13.2425585,-16.156816,-15.466905,-17.78844,-10.38878,-22.255775,-14.440493,-17.710743
-63.833466,35.669754,-72.249756,32.516373,-41.844532,34.20593,-56.10294,33.53808,-44.310387,36.141823,-36.298134,92.96114,-30.84338,29.417677,-66.90818,36.25839,-78.37496,35.1718,-68.85522,36.924538,-66.002625,35.318836,-78.50748,37.662476,-45.47508,34.60279,-40.11407,33.736576,-62.38907,35.53002,-44.884678,34.44008
86.36466,-19.355724,18.366646,-8.739863,39.672817,-25.395037,42.03176,-26.024942,39.63318,-24.588446,3.5093956,58.805725,36.25136,-24.037586,86.987404,-21.72503,0.8796006,28.259039,45.882378,-30.395111,87.10463,-18.93736,2.3873923,41.78478,39.885418,-24.204544,37.707397,-24.373758,85.21917,-20.735708,39.332397,-24.007074
-53.438694,-60.302082,-50.102886,-76.73604,-34.630657,-57.17853,-42.614082,-60.384155,-38.198757,-59.871746,-18.920792,-87.51018,-34.393745,-54.24835,-54.060997,-64.63717,-37.90616,-85.99397,-44.534157,-60.237297,-53.35408,-62.022823,-31.335802,-85.4725,-40.492104,-59.15262,-33.683098,-56.94339,-51.46603,-59.762226,-39.982506,-58.995525
24.491398,-39.55887,23.66384,-39.08932,20.50281,-30.922235,23.185495,-36.540306,21.243246,-32.846848,21.269932,-24.923758,18.696135,-28.785017,23.810135,-41.254837,22.53412,-35.219185,23.241816,-37.260597,24.152645,-40.589394,20.466848,-36.59793,22.115606,-33.826252,19.374023,-29.6356,24.197708,-38.008343,21.650196,-33.59918
11.326452,52.987392,19.884296,62.405987,13.747656,26.513626,21.336048,43.37767,6.721348,36.178986,14.970576,73.19243,17.36355,25.411835,17.561857,52.857998,20.972649,65.9723,20.965775,44.824795,17.45357,50.517994,19.6917,67.89732,6.767168,36.02341,11.8769865,27.027699,14.072131,52.5004,6.198135,36.199444
-28.01678,-7.001422,-38.356007,-12.044687,-23.183302,-6.109633,-26.217295,-4.4848785,-25.240082,-5.9942718,-43.22201,-18.898167,-24.59573,-4.221164,-31.793709,-3.768719,-46.183796,-13.470127,-25.920761,-2.2595253,-29.33336,-7.6908026,-45.36785,-16.15636,-25.295088,-6.072125,-24.08756,-6.356307,-27.885134,-7.19766,-25.349045,-6.1529074
24.53626,57.114502,27.4344,71.91978,25.768192,42.353737,24.0931,49.156376,26.981321,46.48256,18.869614,83.3377,23.804695,39.536663,23.988932,61.759438,27.15648,77.89433,24.647314,51.194023,22.408978,58.827187,25.208496,80.67822,26.457342,45.2271,26.409573,42.019127,23.805073,57.714725,26.048134,44.970566
6.5735564,71.89968,8.450248,89.88081,14.559898,47.81763,6.9676185,55.79543,15.2170725,55.07592,3.2045677,108.68281,11.280404,43.933132,3.4853852,74.97602,11.897789,100.40453,6.017874,61.32848,4.8380623,72.83217,-0.25394458,101.57557,13.442824,58.393208,15.924061,48.244125,8.667834,74.55325,13.157219,58.051785
29.02578,-42.04499,27.49162,-41.811954,24.687054,-33.307266,27.106983,-39.091908,24.917522,-35.226437,17.49976,-33.640865,22.642792,-31.171885,28.577946,-43.464413,24.815432,-38.952538,27.109339,-40.356934,28.326584,-43.50821,22.430618,-39.8944,25.967302,-36.145424,23.491621,-32.1116,28.767666,-40.269566,25.478365,-35.836887
-58.41943,-11.762192,-67.076515,-19.972248,-48.33118,-1.6920892,-55.44037,1.4624109,-52.186966,-2.666102,-66.94022,-35.542244,-46.85273,0.34405375,-59.732304,-13.729946,-71.44976,-25.805544,-55.05296,1.9691899,-57.266415,-12.907574,-71.207855,-30.554111,-54.37617,0.20175616,-47.97361,-1.8752458,-62.822132,-1.9819773,-53.936554,-0.38107565
-44.271355,13.724668,-55.660053,3.1852376,-43.299446,2.6124613,-39.513985,-3.342422,-46.828438,2.7605488,-71.793655,-7.179838,-35.433712,5.0443187,-45.352303,10.556357,-61.68672,-4.3103714,-38.8673,1.1488396,-43.82637,14.034289,-66.95752,-8.265661,-38.419376,-6.46852,-43.672882,1.7773324,-61.61108,8.540919,-38.26169,-6.2353225
-35.881462,10.914532,-31.094799,8.151371,-34.090492,6.57042,-31.525766,12.150032,-36.480335,6.8102603,-45.143013,12.645469,-27.061905,9.555081,-28.484484,16.465467,-39.599415,8.873982,-31.035744,14.556587,-34.50096,9.46999,-44.33099,7.0327096,-34.31796,8.3806505,-34.12647,8.063674,-33.77836,11.328978,-34.467854,8.306504
-75.10566,32.67565,-85.559395,31.179556,-40.102993,26.300808,-53.715218,24.183475,-43.440792,27.37081,-58.702053,87.511696,-26.463768,23.624458,-78.77904,30.70576,-88.93201,48.59553,-67.88204,26.20667,-77.185936,30.91134,-89.38099,52.32918,-42.37478,26.071056,-38.672184,25.910187,-72.82301,31.609085,-42.253838,25.95153
-53.613655,6.141681,-66.57914,0.7926252,-46.26244,-14.536235,-49.23276,-10.221104,-49.28206,-14.603993,-84.74738,-10.931951,-44.386784,-10.633603,-57.13424,5.5929523,-76.54193,-1.3530142,-49.21348,-9.239342,-53.887894,6.3750687,-82.15447,-4.5818577,-49.086372,-11.129299,-46.534466,-14.360078,-52.055912,-2.4391015,-48.46839,-11.343966
-55.779667,-10.29695,-64.86759,-16.825495,-46.535923,-3.3652265,-52.921,0.04542699,-50.02641,-5.0368304,-74.30051,-23.872463,-44.798405,-1.3940394,-57.5748,-11.690222,-70.08138,-21.381878,-52.300232,0.23777017,-54.991512,-11.102412,-70.05415,-25.372118,-51.986797,-1.2700721,-46.31015,-3.6260607,-60.00918,-3.603268,-51.6661,-1.9159896
-56.657505,-38.81852,-62.607002,-52.339417,-46.01226,-41.27453,-50.906334,-42.295513,-47.407356,-43.80686,-62.020485,-74.254745,-45.318443,-38.757046,-60.921917,-41.773067,-63.806385,-64.196846,-52.892838,-41.945732,-59.980747,-40.19908,-61.30651,-69.90229,-48.98308,-42.05055,-45.42307,-41.608494,-54.611176,-38.27929,-48.336704,-41.86821
54.231705,-6.3819833,67.68096,-15.234806,44.29369,-5.782037,59.682922,-10.816289,54.124866,-10.750819,48.52868,-35.793533,44.09859,-10.108998,58.834732,-7.386546,46.460373,-0.019790826,51.847736,-2.9647837,55.188957,-8.332617,47.900524,-2.9283583,55.276352,-11.140986,43.50934,-5.5605626,52.93229,-4.586732,54.35381,-10.99934
-56.71207,-56.083855,-52.52962,-76.36654,-37.38844,-58.875626,-46.517616,-58.671906,-42.15606,-58.450012,-19.271303,-91.61862,-37.34352,-55.858257,-57.422783,-64.030815,-41.316284,-86.88352,-47.520042,-60.60647,-56.61289,-61.860687,-33.64191,-88.12776,-44.34595,-57.64851,-36.553696,-58.714127,-54.716286,-55.885815,-43.70761,-57.422413
-19.792616,-25.61286,-13.747074,-30.596954,-21.925585,-22.273455,-23.510666,-23.809345,-23.758503,-23.453224,-26.052547,-32.213882,-22.813297,-22.397158,-21.84314,-28.096832,-26.516798,-31.279024,-21.058392,-23.843208,-21.201847,-27.169823,-26.232697,-29.884283,-23.383688,-22.942327,-22.466589,-22.94942,-20.678707,-26.099688,-23.275326,-23.06757
77.98678,1.3209001,88.2043,-8.053996,62.51452,-4.272031,71.38555,-5.3123527,65.568436,-5.325487,76.96671,-51.34458,59.808575,-5.4713593,79.48437,2.1169426,93.61394,-21.468699,74.24089,-1.6602904,78.11732,0.5483871,92.21474,-22.934772,67.45511,-5.246655,61.501633,-5.225819,76.007095,-0.0063752723,66.8939,-5.3251224
-75.650085,0.47638795,-90.55021,-8.260175,-58.920033,1.3302379,-69.08542,0.63593036,-63.40637,1.2618684,-96.65957,-32.746593,-56.761574,2.8428864,-79.794876,-1.156671,-96.774315,-15.956212,-69.10583,2.3806942,-76.36173,-0.3450259,-97.18279,-24.298067,-65.61747,0.53884923,-58.09438,1.8542668,-74.15551,3.660493,-66.50374,0.2160036
-33.688965,-57.60247,-28.73319,-65.84891,-23.223238,-51.663296,-25.513086,-55.838665,-22.814615,-54.708782,-4.1720567,-75.02358,-23.998796,-48.604515,-34.757816,-59.369225,-19.092987,-69.098015,-29.547705,-56.214626,-34.522167,-58.026325,-17.903101,-73.28298,-24.258362,-54.606373,-23.04812,-50.755142,-33.14721,-57.289894,-24.003378,-54.617813
-75.29493,33.62453,-87.65925,32.976223,-39.567665,25.436068,-52.885612,23.726377,-42.975357,26.23978,-57.473602,86.78684,-26.025473,22.776896,-79.09045,31.861677,-89.29579,49.2224,-66.999176,25.798134,-77.54923,31.947289,-90.34608,51.56182,-41.64367,25.14043,-38.167908,25.066599,-73.31668,32.389793,-41.568016,25.071129
-22.86984,-0.11465751,-33.06443,-9.673128,-19.851782,-0.13063519,-22.45152,1.8222911,-21.813612,0.298874,-43.254047,-13.349255,-19.781021,-2.902287,-28.320322,2.9603457,-42.88241,-8.055345,-21.202463,3.0863757,-22.107595,2.0239568,-43.863636,-12.074763,-21.216396,0.19700615,-20.882906,-0.51296633,-22.452408,-1.1036323,-21.232664,-0.006081282
-24.686739,51.946377,-26.354467,47.390675,-14.326213,52.711212,-25.266983,48.06223,-14.145986,54.98243,-42.596535,37.356125,-20.152153,51.320316,-29.212538,50.671524,-22.769936,54.65113,-36.856503,45.29719,-27.193851,52.134544,-23.3286,50.87876,-16.33431,55.603065,-12.757047,51.919933,-24.363688,51.454224,-15.9963875,54.815567
-21.114784,75.06614,-18.67318,55.035393,-17.888512,50.10203,-26.27744,72.46796,-18.518017,50.35935,-17.513475,61.45753,-30.389061,63.815365,-26.463367,54.100914,-43.82816,44.638817,-22.032883,63.50384,-21.574818,72.855095,-43.306202,46.66306,-20.971222,50.77579,-24.129288,67.01322,-22.276598,73.540955,-27.415281,70.7433
56.329952,1.4888612,40.304897,8.656385,46.493572,-0.8056787,53.195316,1.0177855,48.527634,0.34368595,60.409157,-18.45031,44.843185,-1.7824727,53.79685,2.5092347,46.14574,25.718185,54.355247,0.96908736,53.651817,3.339929,61.60291,-6.5939174,50.02687,0.19652556,45.79907,-0.7846702,55.1029,2.0578003,49.29065,0.13425139
9.993756,-7.080553,8.127521,7.262726,4.990355,-3.820729,6.708242,-8.487648,4.5565004,-5.777013,25.58322,3.9566848,4.687186,-4.8413496,10.733719,-6.6439843,-4.89437,7.022814,6.192861,-9.956567,9.961964,-7.234926,5.195175,25.865742,5.6760745,-6.3993273,5.6337624,-3.3953378,9.288903,-7.247078,5.0160365,-6.6578565
-70.43462,-25.657366,-81.09485,-37.110413,-56.30692,-32.41549,-63.29675,-30.75946,-58.505558,-32.64017,-62.093567,-45.57477,-54.65517,-29.857042,-75.86913,-27.830751,-82.339226,-47.544987,-66.31025,-30.0559,-73.71255,-26.124401,-68.93457,-44.273186,-61.245377,-31.722216,-55.606205,-32.676865,-68.92017,-26.604069,-60.568565,-31.641739
-6.83225,-25.84576,-19.34571,-20.09055,-11.262194,-18.797968,-12.357244,-20.005983,-12.962252,-19.702976,-13.747986,-22.275726,-13.94315,-18.092085,-19.779257,-21.310003,-17.63017,-21.917274,-9.969234,-20.626022,-17.777485,-20.653538,-13.762758,-24.170652,-11.843672,-19.616428,-12.445646,-18.673069,-7.8198,-20.741278,-11.423163,-19.829433
-60.607388,-29.951265,-68.76113,-42.12788,-49.71303,-35.71045,-54.610535,-33.59866,-50.948742,-36.100254,-70.93881,-63.48985,-48.6769,-33.285618,-65.530815,-32.389023,-71.64265,-56.676144,-57.261578,-33.92699,-63.84657,-30.830902,-68.80097,-61.07391,-52.973137,-33.925888,-49.261436,-36.18791,-58.56732,-29.245367,-52.26803,-33.70346
-29.532915,-4.6299047,-35.95729,-9.175104,-25.142422,-3.907545,-27.748085,-1.5497586,-27.361273,-3.5067294,-45.73483,-15.291911,-26.110567,-2.7622144,-33.567657,-1.7548672,-45.542618,-10.110218,-27.36293,-0.054926828,-29.636274,-3.561364,-46.148,-12.660569,-27.036049,-3.3363209,-25.99926,-4.122156,-29.356148,-4.745246,-26.985025,-3.380152
-10.540902,-18.345436,-6.582604,-19.282455,-16.746943,-18.68588,-16.531717,-15.508429,-18.513172,-19.408775,-27.634445,-25.802149,-19.44551,-18.129868,-9.028396,-22.077948,-27.877157,-24.409523,-14.9685135,-18.068855,-8.180685,-19.072382,-26.039204,-25.731323,-15.44517,-15.028269,-18.787294,-19.350954,-12.435612,-20.627129,-15.599272,-15.335082
-38.85597,-13.7394,-52.36153,-20.937626,-30.758587,-13.440377,-34.726578,-10.951615,-32.176315,-13.80132,-58.452328,-31.818201,-31.788671,-11.042899,-42.43208,-13.156945,-59.129627,-27.23356,-34.312054,-9.471679,-40.937775,-13.788327,-58.928207,-30.353577,-34.096756,-12.655294,-32.105186,-13.337886,-41.644646,-10.520489,-34.07021,-12.552687
-58.772793,-9.089069,-68.19716,-16.040985,-49.178135,-3.6959422,-55.435207,-1.0376768,-52.89624,-4.9491057,-74.03512,-28.244516,-47.566547,-1.4047076,-61.066753,-11.237274,-72.83822,-19.838888,-54.906372,-0.72886336,-58.238503,-10.462206,-73.146194,-24.264204,-54.402782,-2.1974933,-48.896183,-3.8570595,-62.26131,-4.671828,-53.988163,-2.7839737
-10.498699,-35.50233,-17.459124,-41.392662,-13.288882,-28.037785,-14.529389,-29.898222,-14.366646,-28.78585,-3.5347571,-54.70778,-13.880991,-26.493229,-11.093065,-34.822254,-15.779762,-47.982574,-11.75777,-29.593805,-11.730112,-35.08078,-14.870606,-40.569794,-14.059853,-29.451252,-13.843011,-27.818598,-9.248894,-33.532936,-14.122793,-29.217896
62.333897,7.316701,64.93151,6.129122,47.42207,-2.031154,54.110973,-1.0906366,49.279423,-1.2872677,53.22341,-3.219368,45.837067,-3.2607837,62.361877,-0.5107708,77.41075,-8.817752,55.572594,-0.6448481,65.73504,2.0150182,65.822624,-9.488923,50.720245,-1.2994379,46.7874,-2.333462,56.332867,0.38334832,50.02563,-1.3774021
-53.545605,-45.56709,-57.379467,-60.808624,-42.168472,-45.797318,-47.0023,-48.002518,-43.051594,-48.610874,-48.262455,-80.5138,-41.810505,-43.3326,-57.077324,-48.856518,-53.38664,-74.46218,-48.70379,-47.52854,-56.019596,-46.970047,-51.551704,-79.01033,-44.96891,-47.331264,-41.52933,-46.036907,-51.798473,-45.181427,-44.353745,-47.270473
-55.47669,-46.249886,-59.565815,-61.987106,-43.42857,-47.19595,-48.53522,-49.18715,-44.37996,-49.949043,-51.639065,-80.9356,-43.057873,-44.648045,-59.10921,-49.403053,-55.588657,-76.303,-50.41405,-48.540817,-57.977455,-47.574158,-53.646046,-80.85004,-46.38696,-48.522953,-42.736443,-47.4252,-53.68017,-45.924248,-45.776577,-48.429344
66.70437,20.026867,73.38651,18.93129,56.283596,11.712296,59.609585,16.402939,55.065434,13.5029745,75.48526,6.8189073,55.414013,8.891714,65.02487,18.749817,84.29697,18.064371,64.34261,17.451527,66.74879,19.088228,87.54508,18.214226,58.266193,14.460095,56.695538,10.404775,65.93196,19.456278,57.41961,14.530633
-45.76231,3.0485768,-56.750443,-1.3688568,-38.517857,-13.441042,-43.858402,-4.48924,-41.998283,-11.992859,-66.96014,-10.3283825,-37.983788,-7.7480497,-49.162033,2.2738996,-66.55978,-3.8868635,-42.89362,-3.786198,-45.84646,4.0065346,-72.12684,-5.520398,-42.63823,-6.516309,-39.00217,-13.3490095,-43.299335,1.7023304,-42.649452,-6.3080707
-33.911793,-68.90059,-26.391441,-82.703514,-20.657162,-68.56676,-23.553385,-73.38494,-20.012262,-71.04827,9.49052,-81.20803,-22.165253,-58.113285,-34.62554,-73.67335,-5.5508075,-85.40348,-29.629932,-71.92835,-34.786015,-69.24483,0.5792117,-85.855225,-21.725641,-71.56837,-19.723682,-67.78419,-34.3533,-72.71337,-21.412586,-71.50509
-12.350838,11.763634,-19.723124,-7.0788407,-13.691548,12.590486,-11.475454,15.09329,-15.137535,13.293719,-31.229567,-12.150669,-6.7066965,14.796918,-34.56448,19.573532,-31.418453,-8.962876,-9.999884,15.675019,-11.82139,12.167905,-34.446854,-11.627747,-13.150403,13.44454,-13.3493805,11.854707,-11.202904,14.966752,-13.209922,13.218964
-30.886932,-56.83512,-26.08093,-63.936573,-24.790194,-50.024887,-27.860893,-55.059345,-24.93584,-53.880558,-6.383701,-77.50423,-25.294136,-47.002132,-31.904173,-58.3911,-22.883574,-68.549324,-27.61799,-54.93546,-31.731188,-56.97077,-18.138866,-69.429344,-26.476257,-53.769505,-24.464762,-49.180412,-30.924864,-56.432682,-26.178646,-53.741627
46.950188,-42.157566,45.514736,-43.833572,39.183567,-32.357384,44.098587,-36.7496,41.12744,-33.35046,52.923653,-50.634983,36.742924,-30.92173,44.87153,-43.971058,49.69727,-41.48514,44.111572,-40.28502,44.602055,-43.2299,45.215263,-45.26655,42.308987,-34.153625,37.89566,-31.681286,45.95473,-40.215828,41.67937,-33.850048
-24.313,63.605057,-25.351076,58.59596,-19.25237,58.030876,-23.805902,60.37773,-20.176935,60.156643,-40.06046,45.476734,-25.824602,55.397274,-27.906452,60.891132,-31.778913,56.948334,-28.01941,57.701267,-22.423626,60.958252,-31.028395,59.51096,-22.436785,60.63719,-18.308037,57.510635,-23.05528,62.934574,-21.739481,60.186375
-49.565178,50.83379,-57.49765,57.471165,-30.66087,50.12837,-42.08886,49.040035,-28.50028,45.506855,-24.046953,73.94349,-32.282562,47.337017,-51.928123,50.782887,-59.942577,47.840096,-50.999733,53.853104,-51.745834,50.512585,-58.437595,49.52693,-32.40375,45.70089,-29.53354,50.477467,-48.464924,50.913944,-31.180328,45.4691
-20.508888,59.104774,-25.608992,53.936356,-17.145025,57.55317,-20.890938,59.581005,-17.539452,60.44051,-34.33135,37.558914,-22.986904,56.346386,-21.766878,59.119095,-28.614813,51.402065,-25.294832,51.977314,-22.54749,57.775776,-24.979912,56.92268,-19.437683,61.059303,-16.135801,57.220253,-20.022005,58.40213,-19.021978,60.292004
-27.345758,-78.040184,-15.440316,-78.20658,-17.725143,-69.69432,-19.556746,-73.88354,-16.727312,-72.305214,14.504656,-78.826195,-14.767912,-59.37983,-25.5046,-69.16762,-3.1319318,-81.56482,-18.784353,-64.78144,-27.091585,-67.69964,2.9932897,-81.359215,-18.497173,-73.0732,-16.749634,-68.892975,-22.10588,-68.20036,-18.197956,-72.92776
-45.49467,43.123425,-55.910774,48.23854,-23.114134,41.016964,-36.84544,44.269783,-21.688833,43.87538,-15.06901,67.08469,-26.493902,41.322292,-47.47928,47.337746,-55.19737,45.108723,-49.954597,47.968334,-47.462692,43.361744,-52.72688,45.271595,-24.374737,43.92209,-21.175734,40.64951,-44.620884,43.066483,-24.31688,44.027454
-20.578068,14.676522,-15.451615,13.416963,-27.49593,12.04719,-22.860882,15.784373,-29.69127,12.903733,-28.646032,10.325503,-19.147945,9.302642,-18.279459,15.892293,-25.358694,11.81653,-19.14604,17.932684,-19.721565,14.933903,-28.784185,7.1789227,-26.236765,13.905345,-26.451572,11.579316,-23.403934,14.889393,-26.802193,13.334551
-21.479774,52.06176,-24.85703,44.968643,-12.535288,54.36464,-24.803839,45.70459,-12.582622,57.072384,-40.766575,35.038536,-18.597658,52.569035,-24.323917,49.030846,-22.203684,51.25964,-37.574226,43.100883,-23.686644,50.960274,-23.849257,47.917377,-14.513776,57.799004,-11.309882,53.672165,-21.4929,51.25668,-14.192825,57.151794
39.91739,19.41274,41.50779,32.678883,31.28878,14.431059,33.35822,16.080822,30.471783,14.357752,64.01172,28.881794,33.892593,12.80977,43.76915,22.656841,49.734043,30.155533,34.748684,17.13675,43.14199,19.711592,52.45213,31.22977,31.339006,14.8079195,32.771893,14.272499,38.58811,20.043022,30.521967,14.536477
-9.553267,72.78031,-58.838634,36.752132,-24.5859,69.80612,-18.274996,74.71131,-26.809776,72.77299,-4.2064886,75.344604,-29.43717,68.14366,-11.6665125,73.67165,-71.19206,27.134466,-10.974263,61.401886,-10.488665,73.56362,-70.434494,36.609528,-27.002275,74.513916,-22.04334,69.310684,-3.2541215,63.79796,-26.593683,74.23493
-68.227196,-30.087934,-77.86236,-42.084377,-52.49787,-32.996895,-60.45637,-34.205643,-54.199337,-34.889545,-59.22687,-52.125793,-51.080208,-30.615131,-73.40992,-32.3745,-76.46978,-51.794624,-64.00126,-34.034504,-71.54836,-30.694555,-69.10584,-49.701134,-58.472363,-34.8773,-51.870678,-33.375637,-66.51894,-30.809801,-57.71279,-34.703537
-11.144363,-52.549927,6.4169073,-62.304546,-10.169844,-41.14027,-11.01752,-45.074024,-10.358326,-42.77286,6.6373076,-53.395275,-10.939361,-38.165646,-10.644631,-56.65043,14.01384,-68.03989,-10.302139,-45.801956,-10.654353,-54.589428,12.935973,-63.25512,-10.248612,-44.331234,-9.969515,-40.280865,-10.512012,-50.645214,-9.983095,-44.130253
-57.196747,-55.17352,-56.653103,-75.166435,-39.239544,-58.6665,-47.35729,-58.16682,-42.916275,-58.000893,-26.40329,-87.185135,-38.809437,-55.758602,-59.860832,-61.49774,-45.882046,-86.860535,-49.649925,-58.447304,-58.847515,-59.285416,-38.677673,-83.444374,-45.186054,-57.182014,-38.155685,-58.62682,-55.26255,-55.05323,-44.557716,-56.99121
-41.071644,71.890144,-38.976627,82.53429,-33.669704,61.87374,-37.164417,69.74178,-35.328896,63.210896,-53.559097,60.27135,-38.373676,58.065865,-36.44675,76.61866,-37.709175,78.2142,-30.800386,70.28141,-34.380417,74.74715,-32.573677,81.63305,-37.887474,64.10773,-35.01525,54.998367,-40.91359,70.73543,-37.203262,63.745186
-21.201748,-78.5836,-9.039585,-89.724556,-13.819734,-68.5494,-14.879941,-73.94435,-12.6791935,-71.68901,24.969303,-80.65927,-14.662063,-62.78855,-20.765625,-81.83117,9.242738,-89.93673,-19.76661,-76.01755,-22.466856,-80.44838,14.809743,-86.490585,-13.771842,-72.07423,-12.936771,-67.8324,-26.205732,-79.95525,-13.51773,-71.9794
69.26556,19.67607,76.99619,22.841824,59.09709,18.776443,70.7251,14.065021,65.48436,12.111418,78.87252,26.152576,59.016132,10.763123,67.46649,17.397127,80.24096,31.409775,67.710045,18.022812,68.9029,18.696365,84.38345,34.384525,66.95138,12.390424,58.70795,19.344881,68.69573,19.207546,66.000824,12.451544
28.098742,13.469063,28.42426,25.377728,23.99907,9.239858,25.1339,11.341957,23.166498,9.928719,61.676804,19.732763,25.47209,8.867062,28.773605,15.450255,17.895775,6.9915257,26.257965,12.052652,28.177223,14.081676,13.521291,8.475931,23.377428,10.448515,24.454815,9.722647,26.551891,13.1154175,22.773312,10.209474
-27.855377,71.03992,-43.22155,67.392006,-27.161612,61.25924,-30.82014,68.14525,-28.032518,62.774315,-34.843437,67.04606,-29.614037,55.24036,-31.054161,64.93249,-48.085552,67.21251,-21.014196,64.541466,-30.412216,70.41951,-43.915333,70.741135,-29.624294,63.283752,-26.46426,61.24622,-27.479702,69.28587,-29.784243,63.52476
-40.006073,84.13692,-23.237215,91.03677,-41.59161,64.609886,-44.188553,76.48812,-43.49973,66.298485,-79.03369,59.50059,-46.36218,58.836567,-36.502815,88.40983,-20.683105,90.75746,-30.891747,81.02455,-36.496273,87.217476,-21.069592,94.656334,-46.38049,66.856094,-43.185234,58.20213,-43.889385,81.10324,-45.864082,66.52429
62.087574,22.21143,71.19191,24.642418,55.7075,15.914279,59.69318,18.372208,56.38699,16.653461,73.82845,13.329632,55.671795,13.670597,62.09743,22.951946,81.75394,24.424255,60.5051,20.773918,63.843895,20.786911,85.53483,27.162899,57.33648,16.952429,56.573772,15.513896,62.105507,22.81116,54.73405,15.928255
-52.51749,40.963234,-57.400574,43.352695,-25.810295,37.882484,-42.846592,41.599316,-26.782398,38.94557,-6.388614,78.46652,-32.414738,37.724922,-55.895557,38.519917,-63.5322,32.981743,-55.098164,46.649757,-53.739277,40.610783,-64.52774,27.994677,-29.099295,38.991634,-22.819958,37.05557,-51.095814,41.21365,-29.07169,38.9335
-53.808807,-59.155464,-50.14983,-75.64939,-32.791676,-55.003887,-41.732643,-62.074474,-37.368183,-61.52661,-17.889599,-89.621704,-32.68632,-52.259457,-54.44828,-63.569244,-37.310215,-85.02749,-44.766342,-58.824123,-53.678493,-60.045383,-31.812902,-83.23469,-39.551537,-60.82188,-31.969742,-54.806973,-53.522583,-58.616585,-39.05487,-60.652966
-69.22586,35.759953,-81.53867,33.53711,-40.269386,30.100792,-54.183132,29.181128,-43.18266,31.616846,-50.752686,92.97509,-28.081713,26.284761,-72.66437,35.69443,-86.784065,42.610516,-67.295845,31.615982,-71.53122,34.639988,-85.29497,46.821117,-43.387123,30.426695,-38.656662,29.624878,-67.547386,34.9069,-42.95811,30.290194
-17.814447,-31.008562,-23.569878,-35.00683,-19.080418,-25.173388,-20.780582,-26.990303,-20.521027,-26.541723,-17.504082,-37.12531,-20.139143,-24.6159,-20.090672,-32.700092,-22.849836,-38.777023,-18.617762,-27.487015,-19.659298,-32.261677,-20.664919,-38.244556,-20.233738,-26.448133,-19.72682,-25.54156,-16.887585,-30.239918,-20.236275,-26.457018
27.518179,31.379488,32.63061,51.21073,-10.899475,25.025175,20.0976,31.20809,-12.06266,25.419184,7.217845,45.288914,2.3658357,27.379614,31.185923,44.55126,7.2386975,46.04998,21.760958,33.918415,28.994501,42.018967,15.837367,62.881252,19.738588,28.569895,-10.409836,23.682041,21.33643,30.379663,18.077858,28.347578
47.02771,12.755046,88.57168,14.28467,40.7138,10.06697,46.51245,13.117859,42.305428,11.31936,61.114094,6.5538926,40.81648,9.121542,79.21439,17.542871,63.343945,29.955666,46.71032,11.98709,77.54046,13.810505,61.398525,33.8405,44.10934,12.084163,41.595047,10.095414,46.986576,13.191015,43.353703,12.402388
-22.326466,51.32832,-26.070997,45.719604,-12.973594,53.426254,-24.500898,47.173485,-12.926704,55.81785,-41.358757,36.313255,-18.91896,52.07447,-23.260605,48.627197,-21.426344,52.783993,-36.558205,43.990387,-24.27004,50.37952,-23.183979,49.06292,-15.225242,56.169193,-11.711778,52.573128,-22.71559,50.97694,-14.661046,55.84115
42.907173,6.627984,57.425148,5.734343,35.87374,6.75953,40.043083,8.613451,36.445972,7.9554706,52.24199,2.0275495,37.89516,5.480345,50.96888,2.4451246,52.216305,20.86295,40.821724,9.312917,45.335876,7.5326033,54.935364,22.766567,37.49215,9.14295,36.674435,6.8001385,42.620113,6.762166,36.747307,7.2080245
-36.250664,-13.636376,-50.802135,-24.243362,-29.092258,-12.844861,-33.464634,-8.066514,-31.614332,-13.144798,-50.330544,-43.011673,-30.612709,-10.604127,-39.671307,-11.686839,-56.44077,-30.712463,-32.90203,-9.107492,-38.291096,-13.222418,-52.063263,-34.394764,-32.212902,-10.074095,-30.392487,-12.826945,-38.540825,-12.830592,-32.19321,-9.981525
5.380388,-6.3687224,1.1909509,9.392069,2.641482,-2.4422836,3.002213,-5.400688,1.0262285,-3.2836986,-4.815577,-0.47994825,3.9539459,-2.0535245,5.8373823,-4.17618,-4.6280217,5.2454915,3.690807,-6.7879825,5.840864,-4.7502494,-3.1151457,21.015223,2.0055926,-4.0994062,3.3477235,-1.3309375,4.36512,-6.5785465,1.7133646,-4.0461426
-16.271135,15.383495,-17.068556,16.326818,-24.949759,14.724817,-19.398443,17.039536,-26.998356,15.489088,-33.560226,22.515566,-14.659121,11.445299,-10.98778,16.881277,-23.579245,14.1456785,-14.485878,20.358786,-16.643923,17.333544,-26.365007,10.17558,-23.505407,16.683167,-24.485456,14.969342,-20.213297,15.633569,-23.799934,16.323576
-44.40729,-43.915073,-47.036415,-56.020416,-36.656677,-42.23148,-40.417393,-44.51902,-37.17628,-45.04689,-35.109837,-76.82353,-36.649033,-40.150547,-47.84943,-46.58755,-46.97966,-64.20033,-41.29753,-44.367207,-46.73143,-45.030907,-43.302525,-64.09819,-38.697414,-43.879894,-36.281506,-42.343655,-43.026405,-43.50248,-38.157288,-43.79411
-19.526384,-32.299126,-25.189453,-37.252594,-19.699116,-26.599014,-21.83918,-28.77867,-21.112162,-28.19576,-16.576385,-40.06754,-20.53354,-26.051813,-21.622618,-34.20164,-24.493551,-41.263275,-19.81426,-29.19616,-21.079706,-33.7528,-23.276459,-41.70489,-21.294758,-28.126003,-20.262955,-26.989222,-18.49948,-31.535944,-21.22833,-28.142618
34.68999,-0.327334,51.3196,10.303712,26.976173,-3.0485358,31.00632,-1.9834423,27.360083,-2.0102975,20.658218,14.894032,26.9618,-2.466763,49.996033,6.469108,35.99865,2.026883,33.299282,-1.3628218,49.20642,6.053296,38.03387,-1.1578286,29.148655,-1.2531729,26.640862,-1.7731775,32.590885,-1.5564677,28.750834,-1.5464913
-24.22903,-71.23647,-11.779354,-81.28378,-14.930442,-62.745823,-16.51007,-67.12786,-13.901373,-65.15459,16.418194,-84.20687,-17.499441,-61.181522,-22.87573,-73.15126,3.1422796,-84.15524,-20.505085,-69.56049,-24.357264,-71.72748,7.9286275,-84.61236,-15.3175,-65.52917,-14.042526,-62.198124,-25.039906,-72.595245,-14.965121,-65.4975
16.943699,37.54712,21.718803,38.385845,16.275558,33.923466,11.960649,35.323376,19.275875,36.362034,26.72084,54.66011,15.343315,29.447561,18.930754,35.26051,21.960594,48.2867,9.873131,40.07018,16.778612,34.914528,22.86484,50.07643,15.498531,39.33882,17.003254,33.875088,15.47492,37.4191,17.12363,38.479618
68.72307,-22.837301,70.808334,-25.001234,54.341118,-13.432437,62.160343,-15.398037,57.323185,-14.123719,78.53779,-2.2833872,51.822926,-14.331836,74.4137,1.5965002,77.18407,3.9020915,65.176476,-13.893178,62.880825,-22.693111,86.782166,3.790358,59.14811,-15.194575,53.336395,-13.849729,58.88913,-18.604664,58.539555,-15.071724
35.126274,6.214624,45.202637,14.7177925,29.659714,4.699139,33.75374,6.386009,29.903105,5.2090983,76.85087,12.934082,30.749449,4.5917797,40.444096,7.0702767,78.65367,17.973576,34.773766,6.402116,37.09542,7.0827785,83.7753,24.309586,30.695906,5.871237,30.00645,5.2397,34.932137,6.648116,30.181063,5.6240487
21.306381,-31.921495,18.376366,-28.461226,17.554518,-25.44442,20.017513,-29.822378,17.704782,-26.95849,15.195379,-15.008896,15.84033,-23.440042,20.242657,-32.491486,18.97434,-20.691414,21.337664,-29.782593,21.40355,-32.244633,17.434124,-24.963474,19.310287,-27.277765,16.595392,-24.159367,20.633806,-30.900455,18.74974,-27.098043
-18.908642,1.2799494,-46.38585,16.262096,-17.422695,1.778236,-17.808617,2.0104117,-19.018429,2.3343961,-54.66581,1.9933416,-15.65011,-2.2490394,-22.46193,2.2823353,-55.697983,12.882765,-16.91502,3.670736,-18.935572,2.2763848,-64.772385,12.378249,-17.658068,1.8437802,-18.229658,0.31791356,-17.650854,0.40832222,-17.64737,1.6827035
-49.438618,59.1795,-49.618008,66.23989,-30.460567,47.883106,-41.165924,54.33198,-30.170818,49.70636,-32.77796,80.2414,-35.592285,44.31715,-48.739338,58.936512,-53.728313,67.57048,-50.043083,61.937553,-51.8706,60.33561,-58.445545,66.00526,-32.728954,50.113476,-27.410439,48.427174,-48.121216,58.869587,-32.746857,49.69696
72.69115,-17.060387,52.261303,-36.260952,40.45256,-16.71255,46.479362,-16.732935,42.08724,-15.728246,59.460796,-30.354815,37.908802,-16.321568,81.62888,-7.705138,71.858376,-24.837826,50.17754,-20.738842,74.08205,-15.609923,68.90045,-30.60607,43.760105,-15.227369,38.682396,-15.991796,72.604294,-18.621572,43.300545,-15.194458
-52.68539,-28.408733,-60.25631,-40.222397,-43.64602,-32.633125,-48.37555,-32.110588,-45.21226,-34.83865,-53.47163,-64.60045,-43.01069,-30.706282,-57.05812,-31.322767,-60.122883,-51.21459,-50.951954,-31.457272,-55.469284,-30.345575,-56.100384,-56.472404,-46.758743,-32.817207,-43.76855,-33.03026,-52.63212,-27.73044,-46.099022,-32.70629
37.194695,26.173532,40.403603,39.158463,31.129217,19.098886,33.19178,22.702345,31.088114,20.321104,53.208626,33.634346,31.310219,17.756197,38.653896,29.618084,41.895992,35.586136,33.87184,23.939894,36.226685,27.791399,44.829777,34.56151,31.40243,21.29064,31.42053,19.373974,34.308533,26.281412,30.688114,20.697052
-48.333855,3.354218,-60.569668,-0.5911953,-41.389866,-12.765711,-46.171726,-5.895539,-45.016327,-11.815344,-76.654526,-11.078187,-40.66608,-7.663064,-51.53598,3.3869236,-70.03054,-2.800668,-45.650482,-4.854111,-48.404236,4.4581704,-75.072205,-4.678559,-45.31835,-7.433152,-41.79191,-12.555999,-46.47249,0.4259989,-45.442966,-7.2278624
-15.64197,40.93736,-31.526632,29.997782,-0.5010958,55.720898,-11.606155,45.14031,-0.2600445,56.601532,-70.953224,24.111692,-6.5343966,53.870243,-17.36095,37.654217,-10.711224,45.08684,-29.595896,34.049793,-18.308983,39.19938,-8.86726,38.22923,-1.8116014,56.396114,0.10362975,53.488018,-16.611673,39.94938,-1.839352,55.05986
-44.000698,83.305016,-28.180702,91.617096,-42.431576,61.682747,-46.03738,73.21795,-44.407127,62.99168,-71.53075,64.280975,-46.721436,55.745068,-41.03223,87.142456,-26.75772,90.14463,-34.93548,80.56132,-40.47061,84.796486,-26.78668,93.8633,-46.97528,63.465034,-40.29893,61.137894,-39.54333,82.28012,-46.38483,63.046288
-26.326675,69.31726,-38.520973,64.73026,-25.591898,61.048046,-28.83461,66.9564,-26.67599,62.952816,-37.86291,62.811974,-30.450289,56.871243,-29.603775,67.153625,-49.22888,63.114994,-28.196524,63.27331,-28.308985,68.978096,-37.178497,66.86151,-28.682425,63.59474,-25.74745,61.674644,-25.686531,67.51212,-28.404432,63.51112
52.471043,7.472982,58.80512,19.534071,43.317818,4.4426537,51.49317,9.75378,47.642643,8.938224,64.63265,7.8973722,43.304607,5.785273,56.72348,13.285918,58.948963,31.39842,50.920013,7.3521266,48.768055,8.278696,66.90577,8.585499,48.917023,9.259438,43.65459,5.4644585,52.433247,12.587757,48.334698,9.4310665
-55.15548,-29.502691,-60.335735,-43.398335,-44.33266,-34.66467,-49.695618,-33.932983,-46.645412,-36.362785,-58.236015,-66.60484,-43.55826,-32.69162,-59.69604,-31.753963,-60.351395,-54.822895,-52.51939,-33.196835,-58.106823,-30.664097,-57.190407,-60.09326,-48.251217,-34.32197,-43.952362,-35.233997,-52.26924,-30.544752,-47.549015,-34.21896
-42.977604,57.30737,-17.707102,75.412315,-22.677727,52.11903,-43.565903,56.43233,-23.51238,50.656662,-59.924057,41.133682,-12.980615,43.229214,-56.65676,61.136326,-19.335028,68.72218,-45.694412,59.367374,-46.60736,59.15774,-12.685648,73.56875,-42.962666,50.21522,-32.35771,46.751205,-41.93421,56.95482,-42.600853,49.99862
78.39959,-10.345055,31.20095,-3.8855212,41.57664,-17.23667,45.695618,-17.475727,43.1702,-16.422451,16.088217,53.081104,39.41315,-16.791555,78.9976,-12.123932,14.216911,35.277424,49.22198,-21.73832,78.3394,-10.065424,13.161741,33.26795,44.553936,-16.222092,40.886555,-16.525925,76.32976,-13.225326,44.098576,-16.186535
48.8763,37.149582,59.27354,48.750114,42.703423,24.507454,46.24905,29.69826,43.12651,25.651394,49.95858,54.773193,42.37975,24.094408,51.257816,40.83415,57.894585,52.251377,47.581753,31.873938,49.696747,39.750477,57.86977,53.277306,43.2103,27.313597,42.272465,25.721376,48.3999,36.121086,42.527767,27.014442
-35.13104,8.602724,-30.636118,6.7434416,-34.76165,6.6050553,-32.606792,11.479005,-35.431995,5.818117,-44.423584,9.835693,-26.488382,9.079959,-27.741821,15.594136,-38.381073,8.201635,-30.61002,12.887826,-33.8048,7.685153,-43.052197,6.0484514,-33.50715,7.419431,-34.744728,7.8614464,-33.71298,9.419227,-33.588787,7.320763
-2.8785155,-29.562798,-12.865493,-33.75182,15.339488,-39.574802,17.641388,-45.35648,15.231721,-40.55637,25.39669,-22.176992,13.281399,-36.06576,-5.4109616,-29.643215,-14.187835,-38.790146,19.548416,-48.770996,-3.185028,-28.992243,-9.588482,-34.22846,17.958138,-43.379852,14.620093,-37.995564,23.08378,-46.20944,17.708448,-43.654118
-41.53213,53.213615,-52.343037,54.170647,-21.394419,44.515972,-35.307644,48.470245,-22.870693,47.67003,-39.46742,31.131191,-27.035995,45.466084,-44.833134,51.074303,-40.15646,38.90806,-45.97976,52.10618,-43.84452,54.117256,-51.373203,48.796173,-25.530807,47.956165,-19.391363,38.873825,-41.07418,51.550976,-25.01641,47.779087
61.450233,10.631457,64.53652,12.186158,54.307407,6.681137,63.135925,8.434231,58.424175,5.9775605,74.15539,3.0186758,53.02473,4.4857216,59.97972,10.9570055,79.48101,2.0930848,63.153637,9.3370285,59.12434,11.983279,72.90891,-5.2357326,60.193295,6.093487,54.131927,5.6516304,64.335594,11.356064,59.436996,5.9185243
-21.774286,-45.922928,-8.629245,-61.17617,-20.5122,-37.93001,-21.605959,-41.679955,-20.590391,-40.05493,-10.792679,-62.87855,-20.80436,-36.09671,-21.956995,-48.075607,-3.7440517,-63.206547,-20.678312,-42.508812,-21.94181,-47.650433,-2.9011183,-64.38811,-21.498123,-39.929783,-20.28134,-37.65219,-20.462471,-45.168026,-20.928053,-40.00086
-43.13882,-42.576145,-44.859108,-53.41926,-36.522614,-40.80101,-39.902336,-42.999687,-36.883434,-43.520607,-34.859734,-68.765305,-36.495003,-38.744938,-46.5086,-45.09326,-46.773952,-61.51013,-40.61246,-42.900127,-45.473114,-43.561188,-42.706856,-61.66121,-38.374874,-42.39771,-36.190254,-40.921894,-41.880512,-42.13831,-37.796722,-42.338486
63.68137,2.6771727,46.92805,-33.435,52.53976,-0.4230156,59.70005,0.161319,54.74292,-0.2942733,66.37255,-27.391466,50.322422,-1.8822434,44.694664,-37.896812,66.765274,-22.214636,61.360928,1.1672738,61.615,3.2980702,70.64248,-21.95072,56.25391,-0.5480196,51.702644,-1.1057956,62.251514,2.0596936,55.412678,-0.61671567
-54.14447,43.356598,-53.87307,44.447395,-23.457062,38.91909,-44.212982,39.784843,-25.863533,36.790592,-14.686273,73.165565,-30.08739,37.16095,-53.237415,42.54625,-58.960495,38.62035,-56.9952,47.963493,-56.245197,42.99935,-59.325436,40.659397,-31.204605,37.999466,-25.084063,37.13073,-53.51149,43.29127,-28.63997,37.087757
23.044489,-30.98186,20.710886,-27.978786,18.907833,-24.313393,21.879353,-28.418633,19.15873,-25.695984,19.42319,-7.688504,17.337181,-22.431936,21.933516,-31.822247,21.669498,-22.170015,22.983345,-28.82587,23.477024,-31.474754,21.178513,-24.484392,21.011658,-26.260805,17.947287,-23.071213,22.291334,-29.797724,20.336073,-26.059673
-40.578247,87.32693,-18.475983,90.09312,-44.868954,65.02476,-47.61834,77.733734,-46.951515,66.36241,-60.815277,74.34262,-49.591347,57.82883,-39.626286,91.79523,-22.003973,97.86066,-32.35906,84.36067,-40.030132,89.89149,-18.843594,97.68122,-49.902958,66.72827,-38.28216,63.215397,-37.150993,84.05309,-49.384243,66.43952
10.828293,-21.681213,10.761772,-11.5383005,10.804895,-14.387504,12.515035,-17.730988,10.680633,-15.646821,6.871314,3.673515,10.493411,-12.768379,13.655169,-17.864721,11.848174,10.0833845,12.325368,-18.761929,11.131472,-21.194866,8.485056,10.840201,10.810415,-16.27894,10.2146015,-13.096755,10.847403,-20.718472,10.732214,-16.03168
-46.72815,83.62387,-20.701681,95.2304,-41.91491,60.729053,-47.356316,71.70804,-44.53124,61.253613,-75.52751,72.23298,-45.72248,55.006477,-45.765156,86.29415,-17.81231,96.28518,-37.405205,80.07195,-44.462536,83.86798,-13.712649,97.152504,-47.26834,61.59503,-43.326008,60.926353,-44.03516,84.539764,-46.715942,61.370033
46.37909,12.139994,89.50858,14.062982,40.27981,9.3857355,45.824963,12.83668,41.75659,10.745062,62.029205,6.4725833,40.525753,8.561821,80.09533,17.495415,64.15199,30.203194,46.25818,11.279664,78.40675,14.019057,62.281414,34.063087,43.45953,11.706699,40.475174,8.589201,46.257942,12.616829,42.716022,11.930086
48.00614,32.87519,58.05598,41.661324,41.6573,22.308674,45.373116,27.658043,42.05515,22.896162,50.615856,43.21196,42.440712,20.582375,51.169964,35.1698,60.04858,48.222645,46.18071,29.01782,48.953793,36.193005,59.368248,49.21197,43.170383,22.009212,42.900642,21.644762,47.509502,32.075325,42.63928,21.963562
-62.003914,-10.806629,-70.598015,-19.868364,-50.232925,-1.3208339,-57.5025,1.1541371,-53.895794,-2.3743043,-69.42258,-36.119614,-48.466583,0.81510377,-64.82788,-12.47191,-74.23273,-26.161636,-57.072556,1.8473978,-61.930687,-11.727964,-73.906136,-31.047548,-56.258595,0.039744828,-49.726707,-1.4123341,-64.406944,-2.3084662,-55.89327,-0.44739375
-33.361427,46.198254,-19.101442,60.45168,-15.976995,51.004944,-27.836483,48.946285,-15.673148,52.233326,-19.281246,49.71276,-21.369055,49.77465,-31.371765,49.473034,-20.522598,60.890545,-38.468086,47.735966,-35.187214,47.67574,-20.409231,50.720043,-18.029964,52.578148,-14.736289,49.422615,-33.343563,45.481606,-17.998316,52.23509
-57.077255,-38.40391,-62.99455,-52.2131,-46.609783,-41.091286,-51.426823,-41.916183,-47.997852,-43.58057,-62.195827,-74.265816,-45.900463,-38.5369,-61.37218,-41.459793,-64.19042,-64.15595,-53.415543,-41.59649,-60.462215,-39.850426,-61.52363,-69.89389,-49.54505,-41.747154,-46.009525,-41.44593,-55.070427,-37.893944,-48.887672,-41.56106
-53.88436,-57.59976,-53.042416,-74.32565,-36.306484,-57.02317,-43.585674,-59.08566,-38.96877,-58.86256,-21.493486,-90.66769,-35.895878,-54.144028,-56.113194,-62.134712,-42.407894,-85.01817,-45.953125,-58.880657,-55.17014,-59.89846,-35.54594,-86.627,-41.340668,-57.99143,-35.285194,-56.857758,-52.031563,-57.237804,-40.790173,-57.849556
28.502747,-55.96615,23.048346,-51.156387,25.084143,-42.90756,29.600346,-52.173378,28.794485,-48.169987,20.718315,-47.037476,23.129215,-40.538113,27.997908,-55.258076,30.407616,-58.140717,29.361576,-54.222343,28.825127,-56.050343,27.515219,-63.590595,29.662098,-49.98836,24.09947,-41.55721,29.42985,-55.863976,28.855633,-49.16234
-21.09537,39.01094,-24.918957,34.95041,-1.1969222,51.57638,-15.637989,42.451355,-2.0555956,52.043015,-56.024055,25.014027,-7.0887733,50.05088,-14.719235,42.43778,-5.857461,50.536247,-35.101696,33.705242,-24.035576,37.858994,-6.44644,46.879295,-3.5538933,51.776947,-0.85206157,49.32526,-21.984322,38.538513,-3.7205043,50.85529
-6.9924865,-14.739353,-4.8796706,-8.353017,-10.827238,-12.671393,-10.457992,-13.490038,-12.408355,-13.904854,-11.701041,-11.797354,-17.402845,-15.439846,-6.3969293,-14.728262,-13.383342,-10.550404,-10.39856,-14.187164,-5.3708143,-14.0561695,-17.629469,-9.189637,-9.588052,-13.016048,-13.619925,-13.543294,-8.021495,-14.875425,-9.751643,-12.762077
30.038803,8.059494,39.22431,15.59841,46.22187,2.800884,27.947609,6.674631,50.777054,3.893259,85.64738,-3.1596029,45.654823,1.5999876,34.779938,9.723482,71.30541,4.7994757,29.785515,7.059074,32.849472,8.654316,80.27179,6.355353,51.719856,3.4921799,45.907307,2.7091038,29.868177,8.038698,51.1414,3.4146054
-41.826996,80.38036,-29.589352,90.15085,-39.273746,63.615932,-42.24245,73.99964,-41.181015,64.9678,-69.27088,64.32863,-44.144043,58.106243,-38.65282,84.25445,-27.920328,89.22632,-31.784626,77.939415,-37.636024,83.03085,-28.361624,92.79524,-43.868366,65.68705,-40.38746,57.806465,-40.79298,78.865,-43.36233,65.327095
-64.558945,-14.769677,-73.92145,-25.36016,-54.466946,-18.903076,-56.108772,-19.861958,-56.89515,-21.719336,-75.18792,-41.631905,-51.68941,-16.467388,-68.258484,-17.051714,-76.721306,-33.006145,-58.314865,-18.593138,-66.097305,-15.158513,-77.4802,-38.12157,-56.04291,-20.220564,-54.531197,-18.670755,-60.511208,-16.258005,-55.53078,-19.977863
-38.01998,-44.9538,-38.585094,-56.06329,-31.550945,-40.602016,-34.40122,-43.44518,-31.604048,-43.63351,-31.752254,-82.22132,-31.764502,-39.08239,-40.68081,-46.99125,-37.890324,-60.13467,-34.972225,-43.358036,-39.90357,-45.610832,-33.29474,-67.98624,-33.05391,-42.640514,-31.289715,-40.81189,-36.714237,-44.28314,-32.513756,-42.57836
40.04451,-34.92452,40.949646,-32.994274,33.575127,-27.741865,37.274666,-32.57031,35.043705,-28.99208,29.27969,-38.760944,32.406563,-25.911242,40.378902,-36.237774,40.717243,-35.693916,37.87895,-34.101933,44.494926,-32.9654,32.5666,-45.86218,35.631126,-30.013018,32.29003,-27.126324,40.348137,-32.854168,35.11616,-29.69786
-36.82175,-58.493748,-28.812153,-70.18776,-27.19466,-51.819775,-30.480764,-56.706257,-27.23646,-56.075012,-12.578408,-81.95339,-27.682066,-48.671036,-37.667545,-60.81126,-18.202583,-76.77648,-32.29694,-56.788338,-42.431416,-41.93348,-15.338968,-77.22404,-29.053549,-55.65108,-26.725025,-51.295834,-36.14648,-58.112377,-28.63774,-55.739162
74.14015,11.868052,84.97747,12.584598,62.110928,4.266981,70.822044,4.70171,65.64227,3.7110894,61.228447,1.7937639,60.18983,2.2260184,76.16734,14.169934,92.759094,-3.7556872,71.54474,8.860238,75.63476,11.645018,92.605515,-8.985439,67.248116,4.022377,61.53166,3.1965318,73.0044,10.803065,66.3121,4.0266395
-21.571003,-50.62676,-5.5375247,-67.55972,-19.442001,-41.177475,-20.255465,-45.40175,-19.48796,-43.627045,-0.7324321,-62.879196,-19.57196,-39.161976,-21.706993,-53.742447,1.0307912,-69.9643,-19.340021,-46.600235,-21.429726,-52.631733,3.5798175,-69.20006,-20.31632,-43.499413,-18.880362,-40.787308,-20.16349,-49.69086,-19.719284,-43.5728
34.634926,-7.1164823,41.032646,3.2042155,34.666393,-0.34306607,33.779755,-4.3893857,36.53568,-0.3694307,30.115496,32.98737,34.135357,-0.58815897,35.471336,-9.3861065,31.848053,21.259485,36.11394,-6.7873387,34.7008,-7.637126,32.866512,18.454206,36.36342,2.310754,34.528774,-0.035373308,33.77223,-6.8651557,35.87057,2.3815513
12.559575,-31.043852,8.761548,-25.807423,11.768827,-25.111973,13.686005,-29.086815,11.842203,-26.28486,8.945756,-18.362646,10.151907,-22.586765,11.737412,-31.928524,10.955162,-15.834022,13.425256,-27.56561,12.266155,-29.88527,8.012198,-21.013721,12.732558,-27.217577,10.834167,-23.626928,12.359212,-29.902107,12.349965,-27.009724
47.1193,-18.901466,35.514095,-28.805483,27.316874,-24.15966,30.979221,-27.851908,28.018307,-24.81135,28.347546,-5.096983,25.535711,-22.908264,47.583687,-21.877905,33.068077,-6.5722275,31.885082,-27.812332,48.671505,-19.51234,33.88316,-12.227592,29.296864,-25.812626,26.395159,-23.23411,33.7261,-29.397676,28.893408,-24.523373
65.921135,20.55484,73.429855,20.33997,56.90412,11.879303,59.068832,15.403208,55.944256,13.718983,75.89545,8.314252,56.028122,9.059385,64.62652,19.547329,85.12691,18.94583,63.733387,18.280928,65.99354,19.818836,87.12888,19.579308,57.4693,13.627668,56.826256,11.128922,65.09513,19.972246,56.741558,13.505776
51.95828,13.052016,60.02005,31.701946,42.887024,7.4054856,49.725487,10.420379,45.0428,8.610744,53.117016,11.301224,42.412308,6.941695,58.81392,27.580366,35.82438,-12.498039,50.05003,9.544883,59.121674,22.333845,53.646202,11.452555,46.846455,9.265581,42.74637,7.034425,49.885357,9.575707,46.793503,10.2054615
-53.224373,-62.70031,-46.75284,-79.938896,-33.788506,-58.40948,-43.649967,-61.664764,-38.84931,-61.002296,-11.101743,-90.24431,-33.65145,-55.35462,-52.780136,-67.51661,-34.14356,-88.99104,-44.515984,-62.597122,-52.894363,-64.8278,-25.715149,-90.026505,-41.26434,-60.27013,-32.767227,-58.137108,-51.22204,-62.110043,-40.76667,-60.100464
25.134113,10.43855,28.330061,22.568115,20.34826,6.6910157,23.477596,8.252032,19.824837,7.453925,82.0751,-11.189221,21.643005,6.1115117,28.739895,11.689216,73.04468,-5.1111856,24.838446,8.905652,27.660175,10.268376,75.80648,-8.65658,20.37438,7.846573,20.770807,7.52348,25.467466,9.84847,19.848919,7.5770035
-48.795975,-3.1070974,-58.46344,-6.656427,-41.483135,-4.0817733,-49.133797,6.429537,-45.91625,-2.8914008,-70.874176,-13.894659,-41.16594,2.6022885,-51.65688,-2.8672228,-61.58178,-9.427763,-48.677917,7.3724265,-48.980255,-1.7592336,-62.618317,-12.876883,-48.282238,3.1473076,-41.817123,-4.222738,-50.890816,12.4001665,-48.164326,2.9564466
-4.3515544,12.733755,-34.374874,4.3307514,-10.2364855,18.64521,-4.426355,16.183355,-11.331671,19.196404,-73.16983,6.626311,-3.2338862,20.69514,-39.311543,14.485922,-46.324043,4.579416,-2.5331466,17.004406,-3.4135156,10.014359,-50.68433,7.2535343,-9.077573,18.986137,-9.544163,17.353235,-3.1513731,17.50762,-9.062492,18.686876
52.430496,-38.883976,53.001377,-48.571064,43.083294,-35.93054,48.82692,-38.191395,45.176937,-35.68551,56.814026,-59.107807,40.51326,-34.223038,52.433006,-45.02886,49.80056,-46.816067,49.256367,-42.61265,52.240562,-40.973827,48.261063,-52.701614,46.882103,-36.069607,41.745186,-35.154,51.361313,-37.942802,46.188385,-35.81228
-74.9826,-5.6326103,-88.58285,-15.699986,-58.846935,-2.5939658,-68.66312,-3.828592,-64.64109,-2.4085658,-90.88792,-43.712746,-56.62774,-0.85077375,-79.44378,-7.1191063,-93.937355,-25.047544,-68.8691,-2.82761,-76.28718,-5.7125673,-94.08536,-33.0622,-67.029465,-3.6830213,-58.36549,-2.0009408,-75.737114,-1.1396555,-66.34068,-4.0233583
17.478727,7.776593,18.874802,21.376186,14.744635,5.011293,17.33539,3.9146113,13.393165,5.2758703,82.832954,-28.634636,16.867159,5.924949,19.589045,9.182093,61.33398,-14.810651,17.407877,4.928725,18.758972,8.95891,79.141975,-27.831667,14.224265,5.002977,15.476534,5.7839694,16.631405,6.9768734,13.68798,4.8881674
-22.696806,63.88401,-31.331234,60.036522,-21.385397,60.18498,-24.84793,64.17513,-21.801252,62.826744,-40.1646,54.503033,-26.14508,58.721214,-23.820633,65.5911,-37.944534,58.603268,-26.436249,56.681576,-25.004023,63.37114,-39.170094,60.3407,-23.779932,64.0799,-21.1228,63.35027,-23.983997,61.46789,-23.612387,63.250984
22.79046,59.699944,24.592133,74.47858,27.330233,44.002693,23.710516,51.727306,28.554514,48.23673,15.783524,87.39941,25.39158,41.109154,21.782549,64.161064,24.00011,80.20667,24.492949,54.038242,21.211584,61.66452,21.90488,83.16006,27.296736,47.64106,27.969189,43.62456,21.604671,59.89595,26.910145,47.233353
55.887074,47.355896,70.9446,55.057575,49.089054,34.51224,53.423237,40.007965,49.7764,36.34338,87.29344,47.755386,50.11147,31.425404,58.151,48.545044,84.508675,49.24819,53.30428,43.109917,52.90773,43.492096,84.2936,48.355534,51.017536,36.367214,50.37317,33.071033,55.17136,46.08588,50.584526,36.28904
-29.324184,0.114835456,-31.531763,-5.23858,-26.360151,-1.1553712,-28.909616,1.9073716,-29.005077,-0.70799494,-43.022522,-8.0196705,-28.016151,0.05841469,-33.58789,6.030636,-39.625275,-4.181548,-27.620527,3.371298,-27.599009,-1.4745002,-43.215717,-6.3433256,-28.415607,-0.52261364,-27.834953,-1.5254437,-29.491919,-0.976242,-28.245472,-0.40637296
72.60521,-17.092264,52.26477,-36.30538,40.448616,-16.481575,46.624092,-16.493053,42.141834,-15.485924,59.402607,-30.392439,37.877026,-16.112312,81.510635,-7.543564,71.838974,-24.899113,50.247147,-20.488089,73.94692,-15.658926,68.93675,-30.616812,43.89771,-15.0056,38.645123,-15.779783,72.4518,-18.670094,43.44462,-14.97131
63.139755,6.61663,65.86463,5.0638704,51.211075,2.459969,58.23546,3.8865633,54.044724,3.0456297,54.299976,-4.2401733,49.559975,1.0809381,63.509113,0.17400767,77.90132,-10.470248,59.94791,4.7665057,66.56876,1.2635798,66.82448,-10.766903,55.037632,3.0132303,50.655582,1.9146202,60.99464,6.2213397,54.353596,2.701679
56.697716,-11.699036,59.46566,-7.0475755,47.062683,-9.741647,53.73661,-11.38238,48.2373,-9.259793,41.69624,-11.268149,45.39649,-10.587557,59.75416,-12.767548,43.497883,-16.896648,55.281082,-10.993272,58.47696,-11.110172,50.716846,-15.161848,49.794098,-10.490114,46.06514,-9.879782,55.122227,-12.701414,48.79956,-9.766261
40.54524,24.354712,47.13925,37.852207,30.90741,17.238106,32.80578,20.679293,30.201223,18.792778,103.38023,22.670334,32.000317,15.562954,42.991173,27.002668,97.45479,21.762613,33.523823,21.799494,39.64559,25.589857,100.97823,22.662457,30.697378,19.360117,31.286896,17.496836,34.664158,24.03439,30.03376,18.823973
65.01673,39.205025,82.11106,41.472473,54.819935,25.703997,59.43407,28.702585,55.937637,26.276754,66.64948,46.438866,54.42341,23.99707,70.392654,36.239,83.271614,44.31907,62.06622,32.65104,67.10445,39.82677,75.01837,49.37123,56.62507,26.186956,55.76061,24.685905,65.377205,35.289646,55.74642,25.832397
-22.650213,62.21941,-29.029396,58.427925,-20.54123,59.68055,-23.976828,62.872166,-21.827301,61.95943,-35.540546,48.487556,-26.47361,58.200104,-24.361197,62.463303,-35.72767,55.931915,-26.269205,55.67429,-24.89967,62.691322,-34.59698,57.418858,-23.713383,63.104275,-21.200857,58.463985,-22.117298,61.469643,-23.750923,62.44861
-25.580513,64.12373,-24.823385,60.55929,-19.88981,56.868954,-24.758377,59.58108,-20.346384,59.228966,-41.74656,43.303192,-26.377283,55.10003,-29.233326,61.679573,-30.221046,57.046803,-28.782654,58.360947,-27.48898,58.87032,-28.91102,59.548103,-22.48427,59.73475,-18.756542,56.417137,-24.741169,63.28638,-22.163448,59.338417
42.024242,12.013315,49.703037,25.557682,36.370926,9.55314,41.209717,12.737521,37.199814,10.72007,64.05541,11.554833,37.174244,8.679791,38.154373,15.524763,58.676994,15.973312,41.5444,12.511861,40.721535,12.897826,57.681423,18.281439,39.336575,11.679897,36.91136,9.423566,40.934223,13.054353,37.985863,10.86383
54.23428,-29.90201,47.85048,-20.622015,48.327965,-21.021528,53.34536,-23.450357,49.889584,-21.969229,28.11896,-3.2431083,45.808258,-21.05404,56.01745,-32.386772,32.120377,-4.8247666,57.180927,-23.329353,55.462772,-30.485786,33.691177,-10.172661,51.102505,-22.938902,46.820686,-21.050669,52.96254,-26.660604,50.362267,-22.685854
-66.43081,37.188408,-74.56955,37.927982,-40.076756,32.549236,-54.172688,31.831831,-42.651997,34.144318,-38.30883,96.5128,-28.802702,28.723425,-69.723625,37.02018,-81.2937,33.48193,-67.16737,34.90054,-68.82101,36.48313,-81.879364,36.055115,-43.538097,33.044224,-38.415276,32.052124,-65.067184,36.487804,-42.9996,32.86906
62.01777,4.3104506,71.23756,7.23572,51.423687,0.8001912,58.79943,1.9227151,53.884182,1.3935463,70.53138,-15.369908,49.528408,-0.56196666,59.688942,4.9899163,77.6979,-6.033979,59.981182,2.7927444,60.05143,6.24682,79.475334,-16.773582,55.402317,1.204631,50.797012,0.26468587,60.955284,4.1636877,54.590256,1.0433987
-49.910843,-9.5272,-58.939823,-13.881754,-39.99384,-7.487632,-47.438652,2.3900206,-43.771507,-6.113501,-67.55744,-21.254871,-40.31639,-0.9350378,-52.310143,-9.654791,-64.91415,-18.00645,-46.095444,3.6104636,-49.88174,-8.370259,-65.16929,-22.304365,-46.16,-0.42066187,-40.205246,-7.400021,-48.658672,8.024246,-45.76818,-0.3694912
-49.46753,44.571484,-46.40355,63.048794,-29.234287,43.80754,-39.177345,48.80354,-26.297441,43.975754,-32.046467,70.74297,-31.97837,41.44846,-39.946003,59.913284,-59.357502,61.620533,-29.656889,66.315025,-31.516836,72.04844,-56.319447,61.47046,-28.86473,44.287888,-28.189638,42.02575,-48.65417,45.19037,-28.753038,44.253536
46.778973,32.967224,43.213383,8.800864,40.45928,21.448757,44.327564,27.296648,40.838257,21.348923,41.26679,15.333193,41.311035,18.954603,50.080494,35.076893,47.079937,11.802185,45.019524,28.690401,48.0562,36.035248,49.05138,15.269591,41.690292,20.035553,41.527508,20.046215,46.371822,32.00942,40.94015,19.744347
-22.543285,21.288343,-18.192629,16.730923,-27.049597,15.454695,-20.776127,18.45205,-29.344173,16.749659,-28.401215,13.626097,-16.149763,13.01706,-13.082817,18.79616,-24.900686,16.026161,-15.682432,21.978388,-21.819075,21.6886,-27.083439,12.18425,-25.883575,17.74808,-25.911997,14.685368,-21.47839,18.11799,-25.93906,17.225466
85.24304,-9.7392025,24.98002,-3.838333,44.00741,-22.015682,47.89084,-23.600578,45.0332,-21.749485,14.6624565,58.250286,40.920746,-21.484818,86.41533,-11.396431,7.5332985,37.683594,53.29562,-26.389458,85.57062,-9.139756,12.85826,39.001316,45.728477,-21.912096,41.72164,-21.80983,83.44106,-11.43181,45.04368,-21.785349
47.49159,44.447056,60.622112,56.935764,42.41306,30.900793,45.26398,36.412228,42.919804,32.787357,62.438717,72.456665,42.654892,28.867945,51.38385,48.00546,60.73958,61.262238,46.358097,39.51765,48.19532,46.093594,58.8158,65.347176,43.579964,33.88694,43.288578,30.546875,47.04253,42.750042,42.843998,33.529903
-37.432175,-41.10211,-39.07007,-50.80136,-31.481094,-37.60464,-34.591873,-40.185703,-32.234406,-40.167973,-29.376081,-64.433464,-31.8468,-36.30008,-40.664852,-43.04645,-35.98854,-56.492798,-34.637383,-40.02199,-38.99409,-41.967373,-32.23198,-60.383015,-34.09149,-39.402367,-31.357918,-37.826637,-36.605476,-40.414127,-33.172604,-39.54629
60.453835,-51.969006,59.374817,-59.586014,54.551666,-38.3708,58.980145,-43.643257,56.18962,-40.629684,39.427914,-66.00311,51.337536,-37.48475,57.67677,-56.112415,47.797367,-64.01636,61.713123,-44.367344,59.54735,-53.042423,47.52438,-65.64626,56.55551,-42.23199,53.108337,-38.2993,59.939358,-49.36455,55.593933,-42.08071
-41.794937,65.2318,-48.271786,74.33723,-32.386993,52.55363,-41.081684,60.386116,-33.68471,53.487972,-34.616806,72.793465,-34.221256,49.713024,-45.266613,67.42257,-53.11233,73.30202,-41.21934,65.94114,-43.76864,67.323235,-49.853848,77.05731,-36.32599,53.893623,-30.853062,52.565334,-40.629738,64.6562,-35.973503,53.60211
64.4231,-42.74738,65.452156,-49.997505,58.53035,-31.316702,63.43297,-35.571262,60.14114,-33.15636,26.075336,-50.364548,55.628704,-31.335249,64.18018,-47.953106,53.862274,-62.219242,66.46171,-36.091824,64.624146,-44.096622,52.18393,-61.57067,61.118965,-34.840866,56.89339,-31.512796,63.73047,-39.922108,60.138138,-34.746754
72.058,-22.09992,83.60948,-18.790201,61.58812,-14.4371605,66.383575,-9.7824135,59.95066,-7.8599424,48.782253,-18.873137,58.662067,-16.2655,71.57562,-6.774203,76.52479,-27.279188,69.195724,-8.17092,69.67584,-12.729447,60.12796,-22.338974,61.6545,-8.494839,60.397736,-15.510946,66.941605,-10.0700865,61.54434,-9.113152
-68.19281,-29.378506,-78.18517,-41.326694,-52.998993,-33.290237,-60.570797,-33.568733,-54.87591,-34.739986,-59.205494,-50.944965,-51.57501,-30.89993,-73.44974,-31.626333,-77.095825,-51.16579,-63.976757,-33.328133,-71.51826,-29.961637,-68.50278,-48.913807,-58.576748,-34.239258,-52.384182,-33.66703,-66.525925,-30.101278,-57.84218,-34.061153
-71.17526,-2.3593347,-84.63787,-11.596471,-32.316414,-7.026085,-35.489017,-2.6071649,-33.623093,-6.3549814,-87.7372,-35.35249,-31.582561,-5.4677334,-41.513103,-1.7833391,-89.468864,-17.749815,-35.802887,0.79414475,-39.10974,-3.9787164,-89.499565,-25.613695,-34.034065,-5.1476955,-33.293144,-6.5498624,-69.2119,7.5569506,-34.22082,-4.96623
-58.328835,-37.413376,-65.1223,-51.959736,-48.006428,-40.623817,-52.74364,-41.15408,-49.41008,-43.149815,-65.787094,-75.2293,-47.238472,-38.010326,-62.784973,-40.552467,-66.50175,-64.20052,-54.81624,-40.83159,-61.820343,-38.901943,-64.87047,-70.56412,-50.88127,-41.138336,-47.435894,-41.05448,-56.35946,-37.032383,-50.18935,-40.929733
-7.6858277,-24.782711,-20.53817,-23.559704,-11.479178,-16.957174,-12.095601,-17.812637,-12.986123,-17.770153,-8.545309,-22.449741,-15.115982,-17.691818,-20.321167,-24.143171,-13.487837,-22.332825,-10.270576,-18.407497,-18.528133,-23.38243,-12.634931,-28.145815,-11.623102,-17.505754,-13.369935,-17.799913,-7.393493,-22.964123,-12.331886,-18.913345
-18.239706,25.799753,-13.040921,23.126696,-32.60744,20.460135,-21.218138,26.037346,-35.007072,21.610332,-22.691484,21.151905,-21.170807,19.042452,-11.212496,27.604376,-18.982403,22.2743,-15.5219555,30.293194,-17.073425,26.272137,-21.890722,19.007626,-32.698467,22.030968,-31.341993,20.320736,-19.56153,25.93424,-32.50342,21.806643
-16.241713,67.562416,-35.892616,54.818104,-18.63373,65.2071,-19.486225,68.16874,-19.801502,68.332016,-28.656912,50.2257,-24.605677,63.51475,-17.076687,66.87733,-41.499935,48.946766,-19.29684,59.034992,-17.200806,66.65093,-40.338787,51.702843,-21.818516,69.43405,-17.896915,63.90884,-16.04663,66.97215,-21.447489,68.92443
27.428343,-55.290493,21.594337,-50.862125,24.27959,-43.226246,28.641232,-52.130318,27.881247,-48.213367,20.46971,-43.237713,22.35846,-40.719913,26.86108,-55.48316,28.538336,-56.194126,28.3698,-53.63738,27.673607,-55.371002,25.76445,-61.018898,28.7444,-50.08226,23.297682,-41.842136,28.245329,-54.763184,27.936457,-49.17439
2.561272,-19.911285,21.4835,-13.334977,2.1471972,-14.995761,1.8335655,-19.49411,4.098464,-11.40658,10.029228,66.291046,0.5955183,-10.673771,17.814978,-6.9121337,-0.6528847,38.167492,10.194611,-11.1384325,2.60655,-21.482618,4.7120132,47.3016,4.7666655,-12.782042,2.143107,-13.808013,4.256956,-15.740008,4.106843,-12.607165
-39.034115,56.66139,-46.375957,81.556915,-40.34495,52.383198,-36.173466,53.36612,-40.629852,53.561386,-52.392693,74.43503,-41.831264,44.677906,-45.463924,57.57197,-51.602093,84.930176,-42.937622,58.052906,-43.72195,58.13899,-47.04025,83.797386,-28.612219,50.392456,-35.17004,44.924423,-37.783443,56.30283,-28.041693,50.16797
-30.889462,-56.667637,-26.130627,-63.814716,-24.924608,-49.829494,-27.946096,-54.859318,-25.033638,-53.677727,-6.4436607,-77.51441,-25.421131,-46.799618,-31.927515,-58.24058,-22.966597,-68.47389,-27.697231,-54.77286,-31.739697,-56.814644,-18.195213,-69.36085,-26.567732,-53.568672,-24.608843,-49.001812,-30.944109,-56.243477,-26.270407,-53.54304
-31.137602,-61.577297,-26.308285,-71.017006,-22.014767,-56.793304,-25.556208,-59.649452,-22.414732,-58.542305,-0.8844225,-80.08244,-22.093122,-54.831497,-31.994965,-63.37115,-16.65805,-75.17132,-26.771395,-59.97018,-32.03983,-62.30409,-13.239238,-77.204124,-24.065807,-58.363613,-21.017101,-57.04661,-30.719494,-61.133465,-23.756683,-58.35764
-27.457172,-65.205215,-16.229122,-76.31421,-16.277973,-58.36442,-19.679682,-62.678402,-14.518189,-60.147583,14.284368,-76.707954,-14.6296215,-57.08676,-25.686666,-67.53937,-4.2383285,-79.4866,-18.97498,-63.130417,-27.435535,-66.1423,2.3296762,-79.49489,-16.252234,-60.24939,-15.158448,-57.681824,-22.012068,-66.4185,-16.02994,-60.2774
-30.359676,55.54894,-21.916033,61.481266,-17.88914,52.93077,-30.605179,54.11108,-18.593449,56.07995,-39.219402,41.70249,-24.576073,52.28088,-35.5807,54.245014,-27.379446,56.944836,-37.393883,54.443687,-32.288635,55.28245,-28.0596,53.15401,-21.291353,56.865635,-16.487017,51.484123,-29.838848,55.59585,-20.72942,56.465824
-51.298077,61.25742,-54.497383,66.54232,-33.605644,46.91929,-44.033215,53.09764,-32.865467,48.04613,-26.59598,87.083824,-32.997723,45.39231,-51.672417,59.886135,-58.899395,68.15912,-50.349228,64.366066,-53.497044,62.710934,-60.494015,68.989525,-35.615517,48.438164,-29.823898,46.666336,-49.905697,60.885513,-35.5745,47.922646
35.780872,30.022467,47.42391,42.546425,33.153812,21.439018,35.781,25.046255,33.114674,22.816864,50.365234,53.81143,34.09186,18.113705,38.923595,33.934067,36.98545,61.63413,36.65798,25.599686,35.780846,30.839237,57.272118,52.373013,33.68525,24.288849,34.26361,18.681904,37.398983,28.23222,32.96231,23.266634
-28.748333,22.222141,-28.254639,20.681566,-34.700363,14.695222,-27.503973,23.197527,-37.24081,14.280088,-44.622402,14.820464,-24.477707,13.6811695,-20.646908,24.734495,-35.866276,23.677088,-22.515852,26.62595,-25.587616,23.702433,-38.530468,18.725677,-34.647385,16.468452,-33.827015,13.482894,-28.640999,23.35017,-34.61319,16.152256
61.710518,4.1967096,66.14741,3.1517425,51.052265,0.72455764,58.391945,1.9455453,53.458023,1.3840792,69.99569,-20.886978,49.17604,-0.5759073,59.466022,4.8805876,70.32501,-18.647533,59.620754,2.7921124,59.77709,5.979571,77.25541,-17.767714,55.046753,1.2425569,50.415325,0.2188579,60.627438,4.014806,54.219345,1.0569443
60.570175,-23.05476,68.33605,-23.811403,55.321636,-16.768082,62.408073,-19.05211,57.93987,-17.665121,42.640076,-19.30199,52.524063,-17.622717,64.91338,-24.771963,68.312294,-39.78693,65.735954,-17.737474,59.26347,-23.068453,44.154484,-20.39738,59.742786,-18.679026,54.052074,-17.240908,59.435863,-20.859262,59.162594,-18.625805
-66.62239,-32.005543,-75.19697,-44.43805,-50.613,-33.08372,-58.843353,-35.57376,-54.400826,-37.927704,-63.0852,-54.320442,-49.334766,-30.7958,-71.77151,-34.425705,-70.65062,-47.49196,-62.33321,-35.63468,-69.97831,-32.66247,-65.59735,-52.29778,-56.877743,-36.015003,-50.104992,-33.54183,-64.79897,-32.5068,-56.122055,-35.788082
-52.842243,-61.23668,-49.100273,-77.67688,-33.746025,-57.641033,-40.952915,-61.569588,-36.29182,-60.99029,-18.14783,-88.16956,-33.412727,-54.70781,-53.161667,-65.70108,-36.517155,-86.57147,-43.096718,-61.810234,-52.093693,-63.35261,-30.999855,-84.6166,-38.595932,-60.290363,-32.77039,-57.399017,-50.689484,-60.723263,-38.141514,-60.14114
18.18014,-5.6285233,8.7957,6.032748,14.803067,-45.736137,18.323107,-50.869373,17.653845,-48.409306,26.081238,3.7193544,14.047385,-43.976368,12.592906,-6.9458017,0.46336198,-9.559549,17.788826,-52.60542,18.042517,-5.01975,-7.1291327,3.8930907,17.743229,-49.54081,14.515198,-44.515163,18.499706,-4.765594,17.609024,-49.136616
-28.785952,-10.910031,-38.312756,-17.243803,-23.32501,-7.9053817,-26.874388,-6.533717,-25.314924,-7.912663,-40.33235,-24.955252,-25.460636,-6.758301,-32.630116,-7.9404936,-43.56698,-19.860403,-26.718758,-5.473038,-30.538258,-11.355681,-42.17472,-22.649118,-25.721098,-8.11277,-24.37195,-8.0446205,-29.097881,-10.719476,-25.721365,-8.135377
-34.88216,80.37021,-36.218403,89.63804,-37.763454,66.51912,-39.10974,76.011314,-39.48681,67.85654,-66.47702,73.43926,-41.591797,57.903202,-36.24354,80.70711,-37.782852,91.11022,-27.347767,76.938736,-33.209435,81.408485,-42.6596,89.86319,-42.088245,68.898766,-40.758015,54.880123,-43.29529,75.06415,-41.52215,68.56111
-58.09986,-44.72336,-62.913708,-61.277115,-45.944695,-46.393032,-51.1282,-48.27348,-47.06457,-49.231632,-56.24706,-81.53188,-45.461994,-43.756683,-61.411724,-47.39846,-59.492043,-76.789986,-52.910122,-47.37191,-60.279194,-45.787,-57.77099,-81.078224,-48.99353,-47.771652,-45.25966,-46.683647,-56.248325,-44.4619,-48.389458,-47.643063
-73.04035,29.373419,-83.21488,27.02472,-43.10404,25.952616,-57.205647,24.206892,-46.694485,27.446072,-55.989555,98.25472,-29.044096,22.477371,-75.5823,27.824383,-82.00715,48.302795,-71.38303,27.02802,-74.57485,27.822447,-80.82704,52.6898,-45.68456,25.372898,-41.665627,25.68647,-70.68979,28.49752,-45.51918,25.443583
-9.176447,0.04630803,-56.41956,12.791229,-9.615691,3.1543977,-9.218938,0.24781798,-10.3663435,3.0609605,-91.99616,13.023492,-9.303699,-3.7803123,-7.5805807,0.8284804,-69.982155,16.18081,-8.795585,0.89275116,-7.1700363,1.3192878,-79.2228,16.59159,-9.262813,2.0281055,-10.68517,0.14186549,-8.821524,0.33544022,-9.49485,2.0106099
